ensgene,SRR1039508,SRR1039509,SRR1039512,SRR1039513,SRR1039516,SRR1039517,SRR1039520,SRR1039521,mean_control,mean_treated,log2_fold_change,p_value,Significance,color
ENSG00000001561,74.0,53.0,212.0,160.0,22.0,37.0,134.0,177.0,63.5,186.0,1.5356672044643824,0.0486064618255321,Upregulated,red
ENSG00000002079,1.0,0.0,7.0,7.0,1.0,0.0,0.0,6.0,0.5,7.0,2.415037499278844,0.00586515322756568,Upregulated,red
